Fecha,Variable1,Variable2,Variable3,Variable4
2020-01-01,0.1764052345967664,0.6274120847915641,0.7610087659254341,0.9971179807917595
2020-01-02,0.21642095543348874,0.722420926544123,1.0380260084307675,-1.1367709672129338
2020-01-03,0.3142947538440627,0.7072852057143533,1.1566155192330156,0.9025396841128185
2020-01-04,0.5383840737642085,0.6969633205349974,1.0910415662009274,-1.2856894383716457
2020-01-05,0.7251398727792052,0.7380231707288347,1.1013574403451973,0.310302623366209
2020-01-06,0.6274120847915641,0.7524275278449225,1.0879353777130654,-0.8914145681094495
2020-01-07,0.722420926544123,0.89785487854122,1.3642680368604458,0.08123509461092272
2020-01-08,0.7072852057143533,0.9739586510559194,1.3697763598987134,-0.5709936898097646
2020-01-09,0.6969633205349974,0.9861261527052022,1.244129108636612,-0.06414870170546941
2020-01-10,0.7380231707288347,1.0305124759797448,1.290466096841738,-0.2787392046532087
2020-01-11,0.7524275278449225,1.0638799087171715,0.8867823015596812,-0.9007884683147123
2020-01-12,0.89785487854122,1.2132878160329321,1.1421430474673417,2.101561476382956
2020-01-13,0.9739586510559194,1.192771989656352,1.1581872878648676,-0.620166497070367
2020-01-14,0.9861261527052022,1.2240787598214422,1.0714469934955306,0.15630383528449188
2020-01-15,1.0305124759797448,1.1386691858912696,1.2471246108137504,-0.5987515344485196
2020-01-16,1.0638799087171715,0.8833702043078617,1.2283564109500449,0.7059176047387424
2020-01-17,1.2132878160329321,0.9487320638518978,1.1002550538335911,1.485754204299738
2020-01-18,1.192771989656352,1.0351756837378483,1.1939848660069885,0.016821084710286892
2020-01-19,1.2240787598214422,0.9609591816972041,1.3786552006669217,-0.2572062378504509
2020-01-20,1.1386691858912696,1.1879346440959648,1.4852486708924848,0.16520554676867236
2020-01-21,0.8833702043078617,1.0424980766360883,1.4478620684365016,0.5069321568696076
2020-01-22,0.9487320638518978,1.047073928366233,1.3950951890897672,-0.05266311280322366
2020-01-23,1.0351756837378483,1.0283555433636495,1.3875845193906362,1.839705422890555
2020-01-24,0.9609591816972041,1.1816334647994953,1.1826733041283697,-1.0111359939392153
2020-01-25,1.1879346440959648,1.3285693417895237,1.1007901080388127,0.22161044078596834
2020-01-26,1.0424980766360883,1.3440640843592153,1.1605833240546726,0.3360238164105579
2020-01-27,1.047073928366233,1.3818803363194327,1.2704464416006516,0.48552255336552974
2020-01-28,1.0283555433636495,1.2931017615564215,1.3518697018933548,-0.44380837833427866
2020-01-29,1.1816334647994953,1.0950221147340289,1.368674996588727,-0.32321079896563826
2020-01-30,1.3285693417895237,1.0602308998014136,1.302729884129594,0.19533074976462098
2020-01-31,1.3440640843592153,1.0758657967118117,1.2497270804944398,-1.237073996591533
2020-02-01,1.3818803363194327,1.1988948647845838,1.0103448145833283,-1.1173405593309251
2020-02-02,1.2931017615564215,1.319132849663025,1.0139320675350452,-0.27646028793196037
2020-02-03,1.0950221147340289,1.2804001679222299,1.1910361842047386,0.34424617904414373
2020-02-04,1.0602308998014136,1.2501698928646963,1.087314371427703,-0.15209415214816718
2020-02-05,1.0758657967118117,1.145314596357987,1.103352391315932,-0.07350874043719458
2020-02-06,1.1988948647845838,1.0033128026400895,1.0001901535216509,-0.7958863825943026
2020-02-07,1.319132849663025,0.8326857835775883,0.9075646331532138,-0.9882492090438942
2020-02-08,1.2804001679222299,1.0277633231007672,0.8502367512688473,0.1376158211401214
2020-02-09,1.2501698928646963,0.9767981049256019,0.9023951617526214,0.9592716663846533
2020-02-10,1.145314596357987,0.9329906747644833,0.8108275393128274,1.0750340097181814
2020-02-11,1.0033128026400895,0.8077111387594906,0.7726045536901972,-0.9660680953469302
2020-02-12,0.8326857835775883,0.8854601743426816,0.6264636155653244,1.056987891818271
2020-02-13,1.0277633231007672,0.7240703895868865,0.5994347892610254,1.018549124122373
2020-02-14,0.9767981049256019,0.7027963615654896,0.4803909273439386,0.9188747115697145
2020-02-15,0.9329906747644833,0.6132497054461221,0.562593454215468,-1.1824360864791192
2020-02-16,0.8077111387594906,0.6519399552320483,0.7206875414324049,-1.4995187188257868
2020-02-17,0.8854601743426816,0.600859441475161,0.6257982138149597,1.2788695473284528
2020-02-18,0.7240703895868865,0.4827962230629198,0.6239559110816844,-1.545076330044574
2020-02-19,0.7027963615654896,0.4799780002290543,0.5161756722540294,-0.9472298793610358
2020-02-20,0.6132497054461221,0.5228111872820961,0.5823221059723036,1.7750760723627577
2020-02-21,0.6519399552320483,0.5294629095204129,0.5025141583858289,0.6763318567945308
2020-02-22,0.600859441475161,0.559710099294391,0.3414180157077687,0.8906178740002844
2020-02-23,0.4827962230629198,0.4962778899262946,0.26121180819439266,2.202796098890794
2020-02-24,0.4799780002290543,0.4600037733275808,0.14223524307896132,-0.3045823391113667
2020-02-25,0.5228111872820961,0.3927577285499857,0.15888783257595948,1.3756713847663582
2020-02-26,0.5294629095204129,0.3568024123959316,-0.038352164587418414,0.007830178289254992
2020-02-27,0.559710099294391,0.2754877841914862,0.10042772487404979,2.2899365593283503
2020-02-28,0.4962778899262946,0.10285952395831849,-0.10655814466509762,-2.365096672761428
2020-02-29,0.4600037733275808,0.12060213818369378,-0.04244769498333498,0.6079594058926231
2020-03-01,0.3927577285499857,0.08042404456286759,0.00638614081972181,-1.443916603594071
2020-03-02,0.3568024123959316,-0.08259579013373688,0.06522306971838579,0.6768420646684686
2020-03-03,0.2754877841914862,-0.036317564581159464,0.1478740904087308,-1.7261307791140048
2020-03-04,0.10285952395831849,-0.1270474010194837,0.09569408780599195,-0.3289808255358438
2020-03-05,0.12060213818369378,-0.1218528614398698,-0.0004384587482621268,-0.3191180705977738
2020-03-06,0.08042404456286759,-0.04894380522211611,0.052962511557494846,-1.624809345664761
2020-03-07,-0.08259579013373688,-0.036045514146375045,-0.11480032968311082,-1.8421694270966882
2020-03-08,-0.036317564581159464,0.07789455430795503,-0.1650577483469465,-0.6300291262841057
2020-03-09,-0.1270474010194837,-0.045588027727410246,-0.08990368659434891,-0.3965707604996063
2020-03-10,-0.1218528614398698,-0.0053538636096553405,-0.053224594291994914,-0.2889609097929253
2020-03-11,-0.04894380522211611,-0.07383487270368666,-0.2975432151609974,-1.7305109499497362
2020-03-12,-0.036045514146375045,-0.16091458762187483,-0.10540955439718089,-0.19584194193990845
2020-03-13,0.07789455430795503,-0.21879955409831636,-0.20340619690370343,1.763267901960658
2020-03-14,-0.045588027727410246,-0.24995480731105363,-0.2510324025241958,-0.5219907456932275
2020-03-15,-0.0053538636096553405,-0.2443382730880791,-0.07879705383912869,-1.0322424789114206
2020-03-16,-0.07383487270368666,-0.36085325716641475,-0.008219010536162839,1.1141607855543654
2020-03-17,-0.16091458762187483,-0.27077060847099604,0.16366383850682303,0.24478129570733323
2020-03-18,-0.21879955409831636,-0.22420436449795006,0.23901231024147215,-1.294531408237986
2020-03-19,-0.24995480731105363,-0.37782873312567244,-0.025888692069703984,-0.8358138739876297
2020-03-20,-0.2443382730880791,-0.22900351374611247,0.06246005957403028,1.1532603872966152
2020-03-21,-0.36085325716641475,-0.03941459614305415,0.136640169046004,-1.939560381401831
2020-03-22,-0.27077060847099604,0.07846336097291093,0.2278739083808467,0.3963216841239891
2020-03-23,-0.22420436449795006,0.06047087739167584,0.3213329478591266,-0.5034405679283436
2020-03-24,-0.37782873312567244,-0.04660438475937842,0.44395010937153867,0.6005354572827935
2020-03-25,-0.22900351374611247,0.05884078793373525,0.35472637035692073,0.6805639165875179
2020-03-26,-0.03941459614305415,0.01852309323641728,0.4432337817011734,0.3999565667600954
2020-03-27,0.07846336097291093,0.14076760027466,0.4638573776052974,0.03090264947961226
2020-03-28,0.06047087739167584,0.16159509808234604,0.6628203018170779,1.5569054020071686
2020-03-29,-0.04660438475937842,0.2592590017307173,0.7546519849367033,-1.5854910342343869
2020-03-30,0.05884078793373525,0.2948956414481575,0.7375462055108604,-0.13692092335621012
2020-03-31,0.01852309323641728,0.36555295826735235,0.8643049265195893,-0.6632153073288752
2020-04-01,0.14076760027466,0.3666029603394344,0.7043728562263234,-0.9341540086066461
2020-04-02,0.16159509808234604,0.545190009730018,0.7134959627720824,0.7955616107494201
2020-04-03,0.2592590017307173,0.5578812190003799,0.64862017652516,0.15051147852433638
2020-04-04,0.2948956414481575,0.59808015534485,0.6482513198929942,0.3576396950335812
2020-04-05,0.36555295826735235,0.7863952250504755,0.8836392730154601,0.9644785363682897
2020-04-06,0.3666029603394344,0.6516193189362309,0.7901314871878848,-0.7616349603531828
2020-04-07,0.545190009730018,0.5245708190876576,0.6670637767701456,0.8374744029360623
2020-04-08,0.5578812190003799,0.6215104899034587,0.8145452793700567,-0.8027897508284524
2020-04-09,0.59808015534485,0.5041981493920427,0.9962936349787878,0.21361559758874252
2020-04-10,0.7863952250504755,0.6985602679569719,1.2509288284550837,1.6455856717460575
2020-04-11,0.6516193189362309,0.6571983698809971,1.330065777233657,-0.252315400374886
2020-04-12,0.5245708190876576,0.5824528887369214,1.299631597212799,-0.9133521706094223
2020-04-13,0.6215104899034587,0.7747470913849599,1.4784150419349058,1.07823022974771
2020-04-14,0.5041981493920427,0.9227985705284023,1.4414726725611664,-1.9686330617756727
2020-04-15,0.6985602679569719,1.1095544665710593,1.5407783367576848,0.9399051312586137
2020-04-16,0.6571983698809971,1.2001589323985977,1.508480789012317,0.4632291759725723
2020-04-17,0.5824528887369214,1.1140363638931274,1.5116170571837535,-2.4749485837842657
2020-04-18,0.7747470913849599,1.3050428592030308,1.5750990669476352,-0.06345859518138605
2020-04-19,0.9227985705284023,1.2782425221078928,1.7034310710890406,0.33077803970968284
2020-04-20,1.1095544665710593,1.3584881616875324,1.7626271523712016,-0.3863381623708943
2020-04-21,1.2001589323985977,1.4532133584649072,1.5763867640123068,-0.6894133218614185
2020-04-22,1.1140363638931274,1.4377123491558237,1.5527597382866936,1.6107775718588129
2020-04-23,1.3050428592030308,1.4991202861904318,1.7613503112251183,2.0859744955554294
2020-04-24,1.2782425221078928,1.5913409533470846,1.6737546404312802,0.23276829123190615
2020-04-25,1.3584881616875324,1.6289835064626474,1.7855225382912425,0.8737870529423033
2020-04-26,1.4532133584649072,1.519043427404228,1.7312232474242781,-1.6682834346587085
2020-04-27,1.4377123491558237,1.5488672448248335,1.9105587478320876,1.9465165571409693
2020-04-28,1.4991202861904318,1.6815058344935365,1.9363260400536957,-0.1353977596394383
2020-04-29,1.5913409533470846,1.6120490485204,1.9153301044285458,-0.04828852868781569
2020-04-30,1.6289835064626474,1.597085594487633,1.8792505175240874,1.3356959471730512
2020-05-01,1.519043427404228,1.5535702393154693,1.9864505913166828,1.5829563867474838
2020-05-02,1.5488672448248335,1.7384966121634036,1.775694390852233,0.49473895081138114
2020-05-03,1.6815058344935365,1.805726087864647,1.9193703489861667,1.0456169611122148
2020-05-04,1.6120490485204,1.846472271488758,1.703806723362842,-1.0424894058963432
2020-05-05,1.597085594487633,1.7694806640442264,1.9264983008347387,-1.2753889241420837
2020-05-06,1.5535702393154693,1.8234055831734082,1.9823859370853363,-1.6379777974001681
2020-05-07,1.7384966121634036,1.7559723171076707,1.8102447624613132,-0.6898391856513499
2020-05-08,1.805726087864647,1.7591553729351057,1.9650761142540982,-1.1914006393229901
2020-05-09,1.846472271488758,1.6955707650972176,1.8308284359512554,-0.09258626976098445
2020-05-10,1.7694806640442264,1.7632140945918675,1.6151759624524582,0.20009783278399668
2020-05-11,1.8234055831734082,1.8208731762533616,1.6548270194800443,0.4923686394225451
2020-05-12,1.7559723171076707,1.800043300695562,1.7964704066952266,-1.5043216354494438
2020-05-13,1.7591553729351057,1.8396439719617266,1.8188602749384015,-0.18551976188565458
2020-05-14,1.6955707650972176,1.730337821088676,2.1402360296407337,-1.6866554769021846
2020-05-15,1.7632140945918675,1.5812120618181154,2.234533706814137,-0.4900679256527415
2020-05-16,1.8208731762533616,1.6251512319445691,2.1453353275049056,0.60745272915306
2020-05-17,1.800043300695562,1.641818581481822,2.082226661294791,1.919989755134842
2020-05-18,1.8396439719617266,1.7053217251710326,2.114564043963278,-1.273889719662718
2020-05-19,1.730337821088676,1.943636202657427,1.9296682778931273,0.4328756012909587
2020-05-20,1.5812120618181154,2.0380841513564683,1.9655726475082742,0.04160665963720389
2020-05-21,1.6251512319445691,1.9468019288120524,2.196745778885834,1.14194538826727
2020-05-22,1.641818581481822,2.0585035576216377,2.011513171932091,0.858413027971515
2020-05-23,1.7053217251710326,1.9269128165704856,2.0014074527616095,-0.08208935427480223
2020-05-24,1.943636202657427,1.8807543560890148,1.9154632288533993,0.44800406191822506
2020-05-25,2.0380841513564683,1.8739301955565517,1.8328992719082482,-0.3995448900301614
2020-05-26,1.9468019288120524,2.0452644677214886,1.9479273652685598,-0.12667725628910567
2020-05-27,2.0585035576216377,1.9707889855166447,1.8881502989159415,-0.5669498351017513
2020-05-28,1.9269128165704856,1.8881451316507434,1.7028065940726242,-0.681252865869426
2020-05-29,1.8807543560890148,1.8782998792082002,1.743064406471082,0.5712954617991547
2020-05-30,1.8739301955565517,1.8119520505719895,1.7411297981777434,-0.7096699064189013
2020-05-31,2.0452644677214886,1.9246156427826402,1.88158121954401,2.0233909866676516
2020-06-01,1.9707889855166447,1.8166224919462979,1.9133445833397553,0.43311850150243736
2020-06-02,1.8881451316507434,1.7018756267051875,1.9174785597790356,-0.5425073694491758
2020-06-03,1.8782998792082002,1.658093622230744,1.838020538044263,0.6457513240558341
2020-06-04,1.8119520505719895,1.6082903771615136,1.9006960712401653,1.1993533997760686
2020-06-05,1.9246156427826402,1.8012435825432123,1.9598309930360827,-1.0020082886438142
2020-06-06,1.8166224919462979,1.8961856632357883,1.6425809337095447,-0.36495190268213595
2020-06-07,1.7018756267051875,1.9049407873743074,1.8922303554309572,-0.08314300108474636
2020-06-08,1.658093622230744,1.7823972354912905,1.8800537174906717,0.8612378291625511
2020-06-09,1.6082903771615136,1.8668335331314452,1.9687753955173835,-0.1372096957345025
2020-06-10,1.8012435825432123,1.7668119983924888,1.9892069199995837,-1.7254393340831273
2020-06-11,1.8961856632357883,1.6123348887147277,2.166826453227886,-0.9357785304528521
2020-06-12,1.9049407873743074,1.7311378679499578,1.9801402336934084,-0.7918074083116678
2020-06-13,1.7823972354912905,1.7628321291424427,1.9615301446874096,-0.26660543350808513
2020-06-14,1.8668335331314452,1.8549180115205246,1.983165267818189,0.6851809135179057
2020-06-15,1.7668119983924888,1.8867907768148267,1.8708922134325583,0.9478746062202403
2020-06-16,1.6123348887147277,1.9724738380050957,1.9139036887935492,0.3416400290243396
2020-06-17,1.7311378679499578,1.907371278675081,1.7969204456535959,-0.5871190830705314
2020-06-18,1.7628321291424427,1.8039469944966344,1.702788556112367,-0.5311791609771876
2020-06-19,1.8549180115205246,1.8721064463247972,1.7271136167571874,-0.48642116261656876
2020-06-20,1.8867907768148267,1.791765479907413,1.6624269927523356,0.9774739521630348
2020-06-21,1.9724738380050957,1.722810502132393,1.580498211580568,-0.5559332671620596
2020-06-22,1.907371278675081,1.6772572517806585,1.4026765576775972,-0.6056770217723192
2020-06-23,1.8039469944966344,1.6790051676831643,1.3338071136413052,0.052728023687396
2020-06-24,1.8721064463247972,1.643605776557816,1.273364614523091,1.9437208938760473
2020-06-25,1.791765479907413,1.5061106472160142,1.1032625787883856,-0.38144811114469723
2020-06-26,1.722810502132393,1.4417488069327251,1.131225994628942,2.3766123393589944
2020-06-27,1.6772572517806585,1.2194084917102823,1.1335570817977043,1.2586146270858078
2020-06-28,1.6790051676831643,1.2819316368130012,1.2927064691349568,0.5431808815462977
2020-06-29,1.643605776557816,1.1217258712523264,1.1398817069498892,-0.42990734668795666
2020-06-30,1.5061106472160142,1.0112875373094814,1.066088018645754,1.7322265028873647
2020-07-01,1.4417488069327251,1.016504045235579,1.167880486422409,0.498750172807941
2020-07-02,1.2194084917102823,0.9425477455964476,1.001252805031108,-0.04749722698755061
2020-07-03,1.2819316368130012,1.0968492051371213,1.0118579916501433,0.31875746819486833
2020-07-04,1.1217258712523264,0.9675635141647764,0.9158525389338728,0.0856101322357898
2020-07-05,1.0112875373094814,0.9942686010996946,1.1399086823934592,-0.4424578866989033
2020-07-06,1.016504045235579,0.9903403192769451,1.1686545890963385,-1.0899075013880963
2020-07-07,0.9425477455964476,0.8735309695028254,1.4417947677725973,-0.8163829475736505
2020-07-08,1.0968492051371213,0.9258586355560008,1.5678144226918782,-0.9437296950898623
2020-07-09,0.9675635141647764,0.908704002433776,1.5400051526386505,-1.1540329530217568
2020-07-10,0.9942686010996946,0.9858830575551427,1.4174839930107406,0.4968753380793746
2020-07-11,0.9903403192769451,1.068233472951516,1.6274794406736248,1.6440041270622432
2020-07-12,0.8735309695028254,1.284557067879585,1.6426153596255917,0.5436331363955903
2020-07-13,0.9258586355560008,1.4182098628232243,1.691524486631946,0.4758666257902293
2020-07-14,0.908704002433776,1.38129167902898,1.5701888248751852,-0.2845594944044701
2020-07-15,0.9858830575551427,1.3573537612713873,1.43700276625881,1.143276872447629
2020-07-16,1.068233472951516,1.4673197208600985,1.3793913019280903,0.7431415435275172
2020-07-17,1.284557067879585,1.5328460939323583,1.4453558716883996,-0.13725004159095827
2020-07-18,1.4182098628232243,1.5968592465421174,1.5737033816821675,-0.6080210117965175
2020-07-19,1.38129167902898,1.4351636421110339,1.4960724062728497,0.234440932168521
2020-07-20,1.3573537612713873,1.4327310296711404,1.565964332170831,-2.105723282669718
2020-07-21,1.4673197208600985,1.3589279387505715,1.5886884811682713,0.6169342373246782
2020-07-22,1.5328460939323583,1.3869203986548952,1.5980897346148375,1.4875460386325585
2020-07-23,1.5968592465421174,1.3771053596905996,1.5014565902666335,0.7462297836233796
2020-07-24,1.4351636421110339,1.4681232504998587,1.585747797833117,0.048791852903063725
2020-07-25,1.4327310296711404,1.4998450720189889,1.5637151396572124,-0.3357211449657546
2020-07-26,1.3589279387505715,1.5784778682298866,1.5091523396621307,0.7914954528989275
2020-07-27,1.3869203986548952,1.5318359585562922,1.6634842024905114,-0.4656735392980903
2020-07-28,1.3771053596905996,1.4373913329644672,1.820510898515673,0.6365817788396444
2020-07-29,1.4681232504998587,1.3963863636442124,1.6908174110962277,2.175313463420404
2020-07-30,1.4998450720189889,1.3946843222580683,1.5545848948276428,0.10480747037323944
2020-07-31,1.5784778682298866,1.4325994958135764,1.676966654834809,-1.0042571422589592
2020-08-01,1.5318359585562922,1.6585303908826616,1.5459472354949424,0.43858483540431703
2020-08-02,1.4373913329644672,1.6543046757165973,1.545243754884388,0.12689097692143725
2020-08-03,1.3963863636442124,1.5587101756673196,1.4370002788116265,0.4449490452888546
2020-08-04,1.3946843222580683,1.524111998097381,1.4808683930472575,0.0809655908606348
2020-08-05,1.4325994958135764,1.4777524006327716,1.5761071087575167,0.10642752802198395
2020-08-06,1.6585303908826616,1.5259005480101178,1.4927858677045194,0.32708047908943566
2020-08-07,1.6543046757165973,1.3718208465656554,1.5210648984209247,-3.222126822773773
2020-08-08,1.5587101756673196,1.3781470459856886,1.3153139977259403,0.5602487072308643
2020-08-09,1.524111998097381,1.3937976997822261,1.1613159765934549,-0.7497273920300005
2020-08-10,1.4777524006327716,1.4170158034022537,1.2643398693443626,1.2013263561236263
2020-08-11,1.5259005480101178,1.3572841965057174,1.282903906319833,1.239781228863228
2020-08-12,1.3718208465656554,1.3334920235321168,1.155828648318588,1.6481598183316835
2020-08-13,1.3781470459856886,1.1910859326338636,1.1023210777816703,0.6396000732487097
2020-08-14,1.3937976997822261,1.1417539442976443,1.3202673716924087,-2.313262843448098
2020-08-15,1.4170158034022537,1.0874677966959725,1.0675114841506146,0.5176374224849577
2020-08-16,1.3572841965057174,1.129072801322115,1.2410309750180908,0.1703800435800636
2020-08-17,1.3334920235321168,1.0134545581399237,1.2844467214031141,1.8974948195556935
2020-08-18,1.1910859326338636,1.0915743683109231,1.2572128137481455,1.25486039887222
2020-08-19,1.1417539442976443,1.24102282276006,1.2341851342362715,1.4112948689678977
2020-08-20,1.0874677966959725,1.0340243202587067,1.1825315779312429,0.1315478836057631
2020-08-21,1.129072801322115,1.076650193336517,1.1966495837967228,-0.10437403349811473
2020-08-22,1.0134545581399237,1.1443409968395415,1.089855647476718,-0.5934759918594096
2020-08-23,1.0915743683109231,1.0805972942843185,0.8067272103931501,-0.8704414675296749
2020-08-24,1.24102282276006,1.0408701128514388,0.9173847491232318,-0.9077972483977126
2020-08-25,1.0340243202587067,1.0275820550927433,1.0909170803376125,0.5286620168896211
2020-08-26,1.076650193336517,0.9978029671525704,1.105854223189942,1.2439217746066602
2020-08-27,1.1443409968395415,0.9669016702478582,0.9677443878611293,-0.2338350602564786
2020-08-28,1.0805972942843185,0.7993012896148606,1.0387864400059945,-0.028788819157120005
2020-08-29,1.0408701128514388,0.9145344460931726,0.8020694309699159,0.6310369635846987
2020-08-30,1.0275820550927433,1.0224963052968548,0.812154675789763,0.04221634422608303
2020-08-31,0.9978029671525704,0.9411598793764344,0.9539643311511274,0.169833533476447
2020-09-01,0.9669016702478582,0.7945174465961831,0.9014708266573116,0.8232532353425756
2020-09-02,0.7993012896148606,0.8466239342414589,1.0215338814722665,-1.0590122964027344
2020-09-03,0.9145344460931726,0.7890451372601522,1.0338656401041235,-1.2235077869834583
2020-09-04,1.0224963052968548,0.8032404535922302,0.7791299749116607,-0.019720921709278944
2020-09-05,0.9411598793764344,0.7713076118777207,0.6739207078929359,0.955118796510034
2020-09-06,0.7945174465961831,0.8404614869847393,0.6819602788680854,-0.3790724780251843
2020-09-07,0.8466239342414589,0.9099364013503399,0.6365373732558415,-0.5558340445236373
2020-09-08,0.7890451372601522,0.8373766635039815,0.5377597500479899,-0.6278374404157944
2020-09-09,0.8032404535922302,0.699040267964476,0.42009002868563583,-0.3722547050091815
2020-09-10,0.7713076118777207,0.5407464282309679,0.42158989171310457,0.8448976008234341
2020-09-11,0.8404614869847393,0.6017843661416884,0.22531253338444204,-0.07504781931390384
2020-09-12,0.9099364013503399,0.4828984403632855,0.2990426162078556,-0.5397088811084501
2020-09-13,0.8373766635039815,0.43221680493341674,0.3856054561426969,0.21307106769790587
2020-09-14,0.699040267964476,0.3725854010883659,0.44366584165265854,1.2431541500471128
2020-09-15,0.5407464282309679,0.3673286714614113,0.361538719490779,-0.6167806759431107
2020-09-16,0.6017843661416884,0.1737006908767606,0.38869982989353946,-0.09373689037804733
2020-09-17,0.4828984403632855,0.19257855055614345,0.3061511188379874,0.38934932915553006
2020-09-18,0.43221680493341674,0.24496765293956402,0.06991914502387443,0.7363585403628383
2020-09-19,0.3725854010883659,0.25380986164403013,0.27345389481913196,1.3282861154353656
2020-09-20,0.3673286714614113,0.22272124447418296,0.36698322911636594,-0.23045728247210903
2020-09-21,0.1737006908767606,0.2324612611010613,0.22364472015294407,-0.5500230968377686
2020-09-22,0.19257855055614345,0.2723658956650743,0.18602937164274247,0.47986364258710973
2020-09-23,0.24496765293956402,-0.004893379977590706,0.2459229960219017,0.8398198174155365
2020-09-24,0.25380986164403013,0.19069785084747873,0.3251951874989379,0.48547127000943374
2020-09-25,0.22272124447418296,0.22970718311627136,0.07558434242081173,-2.2244148045957832
2020-09-26,0.2324612611010613,0.16446632487756935,0.18157106651462082,1.7853901365623608
2020-09-27,0.2723658956650743,0.12537098735880925,0.17111076476292042,0.35704225957021846
2020-09-28,-0.004893379977590706,0.1747451650937281,0.3317362048529065,-1.1096120909722866
2020-09-29,0.19069785084747873,0.16313477119029143,0.3415920413391992,0.050066694818672715
2020-09-30,0.22970718311627136,-0.039933675587858014,0.4796482219382834,-0.48001637729338864
2020-10-01,0.16446632487756935,0.16651561054807393,0.5121423764620125,1.4004717553013661
2020-10-02,0.12537098735880925,0.15546154482482666,0.5848723021901397,-0.849861790122582
2020-10-03,0.1747451650937281,0.25747881599640665,0.38433549494189073,-1.2093647805661532
2020-10-04,0.16313477119029143,0.18827383121796754,0.5576707377213126,0.9218063730895839
2020-10-05,-0.039933675587858014,0.3419115366425473,0.6256718258497278,0.16882095386582954
2020-10-06,0.16651561054807393,0.37054590553177524,0.7951124209788635,-0.5563295488005258
2020-10-07,0.15546154482482666,0.43143028897932034,0.775751278599845,-0.8174160594482776
2020-10-08,0.25747881599640665,0.32690495236462486,0.5918724418917302,-1.2634437656548774
2020-10-09,0.18827383121796754,0.44801948133289493,0.9253224572524408,2.259852753781828
2020-10-10,0.3419115366425473,0.5170012977863738,0.792658650133529,1.2951821685860057
2020-10-11,0.37054590553177524,0.6471859207428736,0.7631171445337365,-0.21271957873484568
2020-10-12,0.43143028897932034,0.5843771647787157,0.9157346624907944,-0.03570428826928446
2020-10-13,0.32690495236462486,0.536274452932637,0.9593376966784195,0.8096210150015476
2020-10-14,0.44801948133289493,0.7666661227010312,0.8361648549420114,0.9954001114574889
2020-10-15,0.5170012977863738,0.6606645404288765,0.8183616889444855,0.6194472746978841
2020-10-16,0.6471859207428736,0.6470695703610444,0.9771447035268165,-1.8732890372992232
2020-10-17,0.5843771647787157,0.760758706621314,0.7119928426350786,0.16727438031298203
2020-10-18,0.536274452932637,0.7705312033927996,0.964272380163099,1.1134142682932846
2020-10-19,0.7666661227010312,0.8288265713681289,0.893203390830345,1.8064503182697071
2020-10-20,0.6606645404288765,0.7888816684418414,0.8360725558708887,0.07381367735964242
2020-10-21,0.6470695703610444,0.8258872572265933,0.9882198198944131,0.8792193634236397
2020-10-22,0.760758706621314,0.6952345720530616,0.8078182992204168,-0.09212158459755995
2020-10-23,0.7705312033927996,0.8610476400148804,0.8430177830067798,1.7866448078768709
2020-10-24,0.8288265713681289,0.8492312355020235,0.6225779379170975,-0.05293555923375548
2020-10-25,0.7888816684418414,0.7812134151023384,0.703538120897077,0.3284340537112189
2020-10-26,0.8258872572265933,0.8478517233055298,0.6951117110397684,0.9858863814050459
2020-10-27,0.6952345720530616,0.8017797445666744,0.702840821250085,-0.5313424885208795
2020-10-28,0.8610476400148804,0.6683538974263991,0.7504776602563621,1.9104296644675267
2020-10-29,0.8492312355020235,0.5336821468466435,0.5890452601688363,0.5019694882165694
2020-10-30,0.7812134151023384,0.6030594621156568,0.5594317741028909,0.5830771453510665
2020-10-31,0.8478517233055298,0.5871021183010301,0.4908964294560921,1.0397864906735617
2020-11-01,0.8017797445666744,0.5737319623341862,0.5779298006733302,-1.010510901158479
2020-11-02,0.6683538974263991,0.6815063429318124,0.5260917458462547,-0.20897476035187498
2020-11-03,0.5336821468466435,0.568823762056138,0.6254107360138736,0.8975294429908649
2020-11-04,0.6030594621156568,0.49575598676965554,0.6207815158016781,0.18122559785441092
2020-11-05,0.5871021183010301,0.457268005851528,0.5409293086901528,0.8267819483271787
2020-11-06,0.5737319623341862,0.46670316478323537,0.4684431472547824,-0.16326797561599496
2020-11-07,0.6815063429318124,0.46248601965417746,0.4607201077793387,2.382009998886397
2020-11-08,0.568823762056138,0.4337973004151867,0.46855266088534864,0.06953983237307955
2020-11-09,0.49575598676965554,0.42763466020562196,0.35501851217038666,0.2372598239166781
2020-11-10,0.457268005851528,0.4169041325765045,0.14898711876821352,1.2230390436144343
2020-11-11,0.46670316478323537,0.3449436937213252,0.12814757693071924,0.8223381850278805
2020-11-12,0.46248601965417746,0.2636443948659175,0.07952642284289546,-0.9928386380932063
2020-11-13,0.4337973004151867,0.29109603063831146,0.3623750448040182,-3.4405743277656256
2020-11-14,0.42763466020562196,0.20200452233875865,0.39254909626283585,0.8287965624234287
2020-11-15,0.4169041325765045,0.08626899641967328,0.47123165493418717,0.81705276651933
2020-11-16,0.3449436937213252,0.055039771307103955,0.3871901845562264,-0.9417652092179243
2020-11-17,0.2636443948659175,0.03927306969072236,0.2496638600900602,0.12013525674779853
2020-11-18,0.29109603063831146,0.2649454194205433,0.5016786336538722,1.202341727891532
2020-11-19,0.20200452233875865,0.1944753918349199,0.31099706154262863,-1.678200969876559
2020-11-20,0.08626899641967328,0.2888014643318694,-0.022316210205095686,-0.5929476871973983
2020-11-21,0.055039771307103955,0.3635202977523326,0.13300841850607822,1.0506328846051003
2020-11-22,0.03927306969072236,0.24462580223195896,-0.04846665816865678,0.0044068918081510144
2020-11-23,0.2649454194205433,0.32195109997221893,-0.10780072620673586,0.004269237222427098
2020-11-24,0.1944753918349199,0.20356303595288716,-0.14869889064822703,-1.7872087001495085
2020-11-25,0.2888014643318694,-0.062354187846786924,-0.022648264866112114,-0.7196308802571161
2020-11-26,0.3635202977523326,-0.0017222354108488436,0.11415917697686559,-1.1730122687009772
2020-11-27,0.24462580223195896,-0.1773112937546208,0.05330963678831101,1.6214934453849996
2020-11-28,0.32195109997221893,-0.1322178475740293,-0.003288000790258587,0.49796009292920246
2020-11-29,0.20356303595288716,-0.20061893734775094,-0.026249570411958467,-0.25771824098871615
2020-11-30,-0.062354187846786924,-0.03466385772876371,-0.19753531397162746,-0.7733524870487348
2020-12-01,-0.0017222354108488436,0.0721870822028372,-0.21509988929264862,0.4070825462136333
2020-12-02,-0.1773112937546208,0.026848501817698434,-0.2451054391658029,-1.0857800493677323
2020-12-03,-0.1322178475740293,-0.04193525928516981,-0.19296155706259727,1.0782906304213806
2020-12-04,-0.20061893734775094,-0.16334299959458187,-0.13866756931094804,0.3914595950634777
2020-12-05,-0.03466385772876371,-0.207435262823841,-0.11243942871869095,-0.4787650504366332
2020-12-06,0.0721870822028372,-0.23547081234229192,-0.08975924748617989,-1.5881670579682672
2020-12-07,0.026848501817698434,-0.27194016678146044,-0.18404116800120088,-0.10686609103731455
2020-12-08,-0.04193525928516981,-0.25626978125422406,-0.1403969560168147,-1.5466585001483593
2020-12-09,-0.16334299959458187,-0.19841763148133623,-0.1272969156147792,0.5346998324029693
2020-12-10,-0.207435262823841,-0.16345218578201884,-0.3020447967658566,-0.35271339822865555
2020-12-11,-0.23547081234229192,-0.23986657817266316,-0.412149261060638,0.5367616328832114
2020-12-12,-0.27194016678146044,-0.383645725552821,-0.536037939542878,-0.22213497619213785
2020-12-13,-0.25626978125422406,-0.24719254074257388,-0.6063645511579555,-0.045143697409042116
2020-12-14,-0.19841763148133623,-0.31613745919756764,-0.6148742947838532,0.42748919348203945
2020-12-15,-0.16345218578201884,-0.3813668191910696,-0.520111122024053,-0.7441882246757207
2020-12-16,-0.23986657817266316,-0.43348575042118065,-0.48946409866612245,-0.9747216074531286
2020-12-17,-0.383645725552821,-0.6177927054368455,-0.394264951172412,-0.7349515516577596
2020-12-18,-0.24719254074257388,-0.6655901058408942,-0.3111592517166708,0.8960582672669173
2020-12-19,-0.31613745919756764,-0.7135556872416889,-0.31372019876318114,-0.42028285948924066
2020-12-20,-0.3813668191910696,-0.6515198574073376,-0.3577469464837662,-2.3426363992203747
2020-12-21,-0.43348575042118065,-0.5816741424966041,-0.4132536557639624,-0.6745031149432258
2020-12-22,-0.6177927054368455,-0.5812970535879771,-0.379253728129467,-1.2322957960889371
2020-12-23,-0.6655901058408942,-0.48811221617654676,-0.35726110500810393,-0.7820872636621817
2020-12-24,-0.7135556872416889,-0.45411571779642057,-0.46793766246698903,-1.3351888482278595
2020-12-25,-0.6515198574073376,-0.45568392895667603,-0.6169182842160519,-0.27081843974342473
2020-12-26,-0.5816741424966041,-0.43959111212685376,-0.4280920376909808,-0.7711628389483323
2020-12-27,-0.5812970535879771,-0.45865646148499367,-0.5671739283229555,-0.3381259680989774
2020-12-28,-0.48811221617654676,-0.4981414128883387,-0.5017656785516813,0.6511451277572776
2020-12-29,-0.45411571779642057,-0.5249147665777353,-0.4912670407730123,0.5361859656754073
2020-12-30,-0.45568392895667603,-0.637715899724736,-0.4776881162130914,-0.15448991016810631
2020-12-31,-0.43959111212685376,-0.6096717291931064,-0.49874184646748626,0.12919229555870768
2021-01-01,-0.45865646148499367,-0.7089840902860645,-0.3548645493135102,1.762668586781139
2021-01-02,-0.4981414128883387,-0.6248209638787008,-0.5048807383185223,-0.4157165997515145
2021-01-03,-0.5249147665777353,-0.6497668218947956,-0.6545446889901844,0.3058051885399096
2021-01-04,-0.637715899724736,-0.6448173237297865,-0.49932794490890353,-1.026101826006756
2021-01-05,-0.6096717291931064,-0.5954336461016909,-0.685330793046194,-0.0954425395999273
2021-01-06,-0.7089840902860645,-0.5311021995953982,-0.644330395440401,-0.5407096736531912
2021-01-07,-0.6248209638787008,-0.6881645404587434,-0.7899433554180881,-0.402183966115834
2021-01-08,-0.6497668218947956,-0.7088549080751406,-1.018688918035955,-1.3080109299901546
2021-01-09,-0.6448173237297865,-0.6208370168670624,-0.8791768077436267,-1.5272427488802525
2021-01-10,-0.5954336461016909,-0.7906475988102879,-1.061108870661891,1.3653384795837578
2021-01-11,-0.5311021995953982,-0.7519195512707816,-1.2483416096684516,-0.12089418226367252
2021-01-12,-0.6881645404587434,-0.9774759742110005,-1.3237790354138776,0.5776994733702345
2021-01-13,-0.7088549080751406,-1.0797266585745608,-1.168646796052727,0.7283286420945728
2021-01-14,-0.6208370168670624,-1.075863603390542,-1.1704544254443174,-0.0438671576161737
2021-01-15,-0.7906475988102879,-1.2415351136227373,-1.1853376137061238,-1.850919920034092
2021-01-16,-0.7519195512707816,-1.3400861873911523,-1.2322817032700795,-0.49384747701974835
2021-01-17,-0.9774759742110005,-1.487269688137511,-1.1726095371568384,-0.4973150664563118
2021-01-18,-1.0797266585745608,-1.322456194916755,-1.2999678360948765,1.621613048274164
2021-01-19,-1.075863603390542,-1.3060334193680216,-1.4944956739144055,-0.43606084638618164
2021-01-20,-1.2415351136227373,-1.2493043915827546,-1.4453347777693395,1.006869807813752
2021-01-21,-1.3400861873911523,-1.2715719016342701,-1.3995284554773657,0.06922174873849374
2021-01-22,-1.487269688137511,-1.30691507650999,-1.1943753227106542,1.973451776185034
2021-01-23,-1.322456194916755,-1.4685624953750933,-1.163040416007792,1.236901042381835
2021-01-24,-1.3060334193680216,-1.4977462316498795,-1.0472428457797855,-1.4361731768331927
2021-01-25,-1.2493043915827546,-1.5738954528310418,-1.0989917811177712,0.1513129450648081
2021-01-26,-1.2715719016342701,-1.4881030604018082,-1.2854469962466373,0.11837675681682619
2021-01-27,-1.30691507650999,-1.373992873736051,-1.094290121816558,-0.6039184883076584
2021-01-28,-1.4685624953750933,-1.2273350021786331,-1.0351440315849185,0.7183034106929522
2021-01-29,-1.4977462316498795,-1.1420798082325099,-1.3665112902975616,0.7123939610905807
2021-01-30,-1.5738954528310418,-1.2019452019248085,-1.284267202295056,-0.08082042439448035
2021-01-31,-1.4881030604018082,-1.3135349005208479,-1.2534840478466385,-0.40796154200378826
2021-02-01,-1.373992873736051,-1.2368685823563392,-1.0638916042978384,-0.5722740640160753
2021-02-02,-1.2273350021786331,-1.2012393006091104,-1.1402720281956562,-0.6170844743373384
2021-02-03,-1.1420798082325099,-1.3780931456768135,-1.1616305572071002,-1.254673863227856
2021-02-04,-1.2019452019248085,-1.3425449664024367,-1.3928252553881337,-0.9068745852114098
2021-02-05,-1.3135349005208479,-1.26109298415365,-1.2586806113412699,-0.10519053319889121
2021-02-06,-1.2368685823563392,-1.255200425235487,-1.3751229638216156,0.32947029939911293
2021-02-07,-1.2012393006091104,-1.273705792336421,-1.4025886202374047,-0.1811950590905256
2021-02-08,-1.3780931456768135,-1.3544706410980565,-1.2244267446389931,-0.013645346182789102
2021-02-09,-1.3425449664024367,-1.4991241110543954,-1.100057770628815,-0.6375779384644169
2021-02-10,-1.26109298415365,-1.4190943161203926,-1.1226570670416598,1.2371060841128498
2021-02-11,-1.255200425235487,-1.4500057605975636,-1.0002680264064217,-0.2680468508315605
2021-02-12,-1.273705792336421,-1.473352426751933,-0.8316870576406585,0.5379238444828516
2021-02-13,-1.3544706410980565,-1.3000803080600196,-0.850297796841669,-0.8511624959964399
2021-02-14,-1.4991241110543954,-1.2316301973741006,-0.724707930680618,-0.19143710497960342
2021-02-15,-1.4190943161203926,-1.1945476972459903,-0.6827601311038477,-0.17239856873072465
2021-02-16,-1.4500057605975636,-1.1803415167272668,-0.9061976273236507,0.057517219550641485
2021-02-17,-1.473352426751933,-1.0283420306506896,-0.8567500466491315,1.9939332742076008
2021-02-18,-1.3000803080600196,-0.8563830999090701,-0.8259502766641429,-0.16429701432763394
2021-02-19,-1.2316301973741006,-0.7634325887611173,-0.7385155447416655,-0.3329440800001693
2021-02-20,-1.1945476972459903,-0.7052101296213249,-0.7672442029651513,0.30553214329985734
2021-02-21,-1.1803415167272668,-0.9146704367419394,-0.9867876746536659,0.824952283545209
2021-02-22,-1.0283420306506896,-0.9022982453185887,-0.9565841832437738,0.9567978625155354
2021-02-23,-0.8563830999090701,-0.9153089407379591,-0.9820745542817135,2.05260155177627
2021-02-24,-0.7634325887611173,-0.9059136177994023,-1.0025862462931254,1.4445643782353876
2021-02-25,-0.7052101296213249,-0.8116090090671505,-1.1936938675198536,0.19812437496666688
2021-02-26,-0.9146704367419394,-1.0855767257861062,-1.0209030210991452,-0.805995741151823
2021-02-27,-0.9022982453185887,-1.1425079311331248,-1.0715766913463636,0.9673497720043641
2021-02-28,-0.9153089407379591,-1.1155174956390486,-1.2773174365345885,-0.3117938966605396
2021-03-01,-0.9059136177994023,-1.1622020502443249,-1.2153412988875654,0.7220509050939434
2021-03-02,-0.8116090090671505,-1.3038926615569508,-1.0918245618791154,-1.761890270899628
2021-03-03,-1.0855767257861062,-1.2169963128672712,-1.0519945885258535,1.01170839141219
2021-03-04,-1.1425079311331248,-1.1893091222826584,-0.9378073692157172,-0.19743780473094788
2021-03-05,-1.1155174956390486,-1.286419579327107,-1.0017503000005656,-0.27123307276766007
2021-03-06,-1.1622020502443249,-1.2549378588755244,-0.9818787624436406,-0.15846702896642273
2021-03-07,-1.3038926615569508,-1.172779287670545,-1.0818585744649447,-0.5292359100329525
2021-03-08,-1.2169963128672712,-1.1722500230406088,-1.1849735123339347,1.510820040605105
2021-03-09,-1.1893091222826584,-1.0921935426975091,-1.03314220997219,-0.37722024261591164
2021-03-10,-1.286419579327107,-1.084367525181343,-1.0114816827734536,0.07096483862554656
2021-03-11,-1.2549378588755244,-1.1238904234467784,-0.9767241165121172,-0.10253000864914055
2021-03-12,-1.172779287670545,-1.2398324750867697,-0.9959946302855232,0.02629598684335388
2021-03-13,-1.1722500230406088,-1.248425551783931,-1.0553227479901526,0.2111320543457022
2021-03-14,-1.0921935426975091,-1.2289962579793539,-1.1277974726800968,-0.05380798668259367
2021-03-15,-1.084367525181343,-1.1414129818206207,-1.1112955390591428,-0.9040214612068845
2021-03-16,-1.1238904234467784,-1.1529237286693435,-1.3683381099302858,0.4835417885170971
2021-03-17,-1.2398324750867697,-1.1071821680472445,-1.2047265927382422,0.5092252198707917
2021-03-18,-1.248425551783931,-1.2036433694206172,-1.18439454201906,-0.04299015795209516
2021-03-19,-1.2289962579793539,-1.2819062850033698,-1.0575288639662377,-0.43621248491850034
2021-03-20,-1.1414129818206207,-1.2929452149060585,-1.1872513168295915,0.031848131467923285
2021-03-21,-1.1529237286693435,-1.39840806130456,-0.8096511217947292,-1.4402678229356038
2021-03-22,-1.1071821680472445,-1.3163832775720918,-0.877962053508932,0.7540049976981348
2021-03-23,-1.2036433694206172,-1.2700702446402312,-1.2584311905647974,-0.20604486305691183
2021-03-24,-1.2819062850033698,-1.2421606682009858,-1.1550731500799056,-0.8513174053294843
2021-03-25,-1.2929452149060585,-1.2082702556793914,-1.114814881241662,-0.3285786839318857
2021-03-26,-1.39840806130456,-1.0061658995309117,-1.1624483763969962,0.03981586658025517
2021-03-27,-1.3163832775720918,-1.0530523183275913,-1.2266628464235003,0.5426476382819072
2021-03-28,-1.2700702446402312,-1.273196446877647,-1.2919075365348371,2.860054564402874
2021-03-29,-1.2421606682009858,-1.2532664271880005,-1.3715607046606992,-0.3555154302527811
2021-03-30,-1.2082702556793914,-1.2583267812841672,-1.3843414936212806,1.3667588607334968
2021-03-31,-1.0061658995309117,-1.3100786855352076,-1.1024259302522255,1.6360637809829046
2021-04-01,-1.0530523183275913,-1.4079616714710845,-1.3111461527298407,0.3613427690376429
2021-04-02,-1.273196446877647,-1.4518806236512993,-1.3793470977534386,-0.24985176359440475
2021-04-03,-1.2532664271880005,-1.4337467807295172,-1.5507987716529563,0.8271349625584551
2021-04-04,-1.2583267812841672,-1.484028450793771,-1.5622096600316746,1.6082995359515042
2021-04-05,-1.3100786855352076,-1.2427830828393962,-1.6509876325959343,0.8399175032625862
2021-04-06,-1.4079616714710845,-1.338833521002711,-1.76018948158608,1.5126734411696243
2021-04-07,-1.4518806236512993,-1.418145257273478,-1.8352789598025856,-1.0891051244886205
2021-04-08,-1.4337467807295172,-1.647007261274931,-1.8062181908100658,1.8737534686806983
2021-04-09,-1.484028450793771,-1.6218588197727772,-1.641121838474649,-0.26240377185782837
2021-04-10,-1.2427830828393962,-1.8234994825527533,-1.5029871136340933,-0.841689815707264
2021-04-11,-1.338833521002711,-1.8774449458902034,-1.4012828637570425,0.6121898680949959
2021-04-12,-1.418145257273478,-1.905011999346259,-1.5760949763176455,0.9193362195707435
2021-04-13,-1.647007261274931,-1.975984795930948,-1.520627100473327,0.4243743268581034
2021-04-14,-1.6218588197727772,-1.802097528185497,-1.3283986005528328,0.768160097405429
2021-04-15,-1.8234994825527533,-1.702658089053947,-1.407434603733165,-0.7867534087320956
2021-04-16,-1.8774449458902034,-1.5707444014237895,-1.2463880629779962,0.4399457837909202
2021-04-17,-1.905011999346259,-1.6589862832787814,-1.2233710328886176,0.1293615171151731
2021-04-18,-1.975984795930948,-1.5461268768273246,-1.2575970964516423,-0.6828643098306283
2021-04-19,-1.802097528185497,-1.4965267821929285,-1.2353778713035735,-0.4735566444590245
2021-04-20,-1.702658089053947,-1.4193861873252438,-1.4913230359085679,-1.105594758889224
2021-04-21,-1.5707444014237895,-1.316442304446967,-1.4692289933028855,-0.8581927461093118
2021-04-22,-1.6589862832787814,-1.4073186290428723,-1.319510616409322,0.8128826471653006
2021-04-23,-1.5461268768273246,-1.4497503911406624,-1.317603444931987,0.8956094448709333
2021-04-24,-1.4965267821929285,-1.3634907900078173,-1.3369061658927155,-1.1042876291380006
2021-04-25,-1.4193861873252438,-1.6290526993053105,-1.4942004764976584,0.6606739715528716
2021-04-26,-1.316442304446967,-1.47771989104799,-1.497132659962467,2.131132109600871
2021-04-27,-1.4073186290428723,-1.4224066846272316,-1.3612889587130692,0.45092684278937645
2021-04-28,-1.4497503911406624,-1.4269770806932551,-1.2160551515494202,-1.8300497214697686
2021-04-29,-1.3634907900078173,-1.4049263151175377,-0.9152757984896143,0.005851793795327951
2021-04-30,-1.6290526993053105,-1.5079198434484353,-0.8963753064847224,-0.989481632054143
2021-05-01,-1.47771989104799,-1.5429141799073458,-1.043182532250081,-1.1341173258594213
2021-05-02,-1.4224066846272316,-1.4328857460853084,-1.0923415515150725,-0.12176665586661538
2021-05-03,-1.4269770806932551,-1.3030835488526862,-1.2559981624828649,1.1376490004356865
2021-05-04,-1.4049263151175377,-1.0334611435963281,-1.2595469946028872,0.5620593337685664
2021-05-05,-1.5079198434484353,-1.0408536102243697,-1.1778843847587566,-0.16992999427687666
2021-05-06,-1.5429141799073458,-1.1067089069048701,-1.0848239521386678,0.28595538959554245
2021-05-07,-1.4328857460853084,-1.158132303498869,-0.9975755010322969,-1.4827399586825953
2021-05-08,-1.3030835488526862,-1.2599364910276056,-0.9927020431059661,1.6439262678926043
2021-05-09,-1.0334611435963281,-1.2677219666216908,-1.027621025248425,1.0544380109771292
2021-05-10,-1.0408536102243697,-1.2294487236204639,-1.0682182666435618,1.0314211142152077
2021-05-11,-1.1067089069048701,-1.2328729516736592,-1.2587313596034948,0.22602943042535945
2021-05-12,-1.158132303498869,-1.1232382671070793,-1.3637698014315527,1.2552669096648532
2021-05-13,-1.2599364910276056,-1.146659847241533,-1.4977227344351225,-0.13122066154859113
2021-05-14,-1.2677219666216908,-1.1814049124913895,-1.4300015378843631,0.3592548847784421
2021-05-15,-1.2294487236204639,-1.239531760177422,-1.3401874097417825,-0.7441325078915312
2021-05-16,-1.2328729516736592,-1.4027952128008716,-1.313469129130272,-1.3224566704009537
2021-05-17,-1.1232382671070793,-1.5595719852317171,-1.2538383871184973,0.07532885861686477
2021-05-18,-1.146659847241533,-1.677487778295486,-1.6240909721655417,-0.013910086020308316
2021-05-19,-1.1814049124913895,-1.54734497112901,-1.56834236432586,0.04071826093179703
2021-05-20,-1.239531760177422,-1.4578189438400169,-1.534626869297714,0.9248326133617948
2021-05-21,-1.4027952128008716,-1.320322537200718,-1.5743499749705523,0.2819570917880118
2021-05-22,-1.5595719852317171,-1.453543702660168,-1.5047932543017248,-1.0227275056701652
2021-05-23,-1.677487778295486,-1.6504061716387701,-1.4959837207959552,0.017774843943364114
2021-05-24,-1.54734497112901,-1.7164118036521785,-1.1917476189225875,-0.49780194912878806
2021-05-25,-1.4578189438400169,-1.6988299083225757,-1.273198682342196,1.0809524454188195
2021-05-26,-1.320322537200718,-1.648960880831593,-1.3122937581872876,-0.3917544868172739
2021-05-27,-1.453543702660168,-1.5441636652347877,-1.440077601766598,0.9632585947319653
2021-05-28,-1.6504061716387701,-1.5157356981540662,-1.6827395201162916,-2.3708477111246977
2021-05-29,-1.7164118036521785,-1.341468820088503,-1.5040102711032308,2.1321875031274646
2021-05-30,-1.6988299083225757,-1.363729388183335,-1.6943912050816665,-0.4172847483665714
2021-05-31,-1.648960880831593,-1.4550373099875147,-1.6219888486503702,0.5923242070849615
2021-06-01,-1.5441636652347877,-1.623159131536958,-1.3531970279055276,0.007299468778774284
2021-06-02,-1.5157356981540662,-1.712056267346503,-1.580637832027464,-1.9943571524660442
2021-06-03,-1.341468820088503,-1.6878444712479908,-1.6525844969454895,-1.5743295833208495
2021-06-04,-1.363729388183335,-1.7767164969833538,-1.784955676974756,-0.5201320100333
2021-06-05,-1.4550373099875147,-1.683042250629828,-1.8548743781019121,-1.0929598065526973
2021-06-06,-1.623159131536958,-1.5418094800260835,-1.623503583665257,-2.2514605780509003
2021-06-07,-1.712056267346503,-1.778768170548744,-1.5817381282472305,0.015201281325853381
2021-06-08,-1.6878444712479908,-1.692362940498979,-1.738269981818011,-0.8357569161464082
2021-06-09,-1.7767164969833538,-1.9163233463651528,-1.8502461831380825,-0.42148832644647344
2021-06-10,-1.683042250629828,-1.8761734408561241,-1.8832640842089379,-1.0562994547559672
2021-06-11,-1.5418094800260835,-1.753686384436758,-1.8994773514560026,-0.486598629970189
2021-06-12,-1.778768170548744,-1.7472007738024005,-1.880449154978768,1.5684452250114467
2021-06-13,-1.692362940498979,-1.8751696911228244,-1.8330663424937852,0.6170157339017611
2021-06-14,-1.9163233463651528,-1.9337128115506017,-1.802218560163514,0.8655401071288846
2021-06-15,-1.8761734408561241,-1.9598773561216918,-2.098183232949126,0.05293016951696521
2021-06-16,-1.753686384436758,-1.978101834500686,-2.096766661048474,0.6862499364589266
2021-06-17,-1.7472007738024005,-1.9983915185773526,-1.9588201597763832,-0.6034459138479138
2021-06-18,-1.8751696911228244,-2.0093797965082842,-1.98106263710291,1.0295723585524659
2021-06-19,-1.9337128115506017,-1.9880317916172674,-1.994791612449978,-1.0851621664749167
2021-06-20,-1.9598773561216918,-2.1088891569905894,-1.8549871076758637,-1.6824962599677253
2021-06-21,-1.978101834500686,-2.1330911399776116,-2.086319665432968,-0.8872307278385253
2021-06-22,-1.9983915185773526,-1.981265022942041,-1.9476456068780292,-0.1992159785905252
2021-06-23,-2.0093797965082842,-2.0197295652562928,-1.9792421182293247,-0.9243018625129509
2021-06-24,-1.9880317916172674,-2.0641131745718124,-1.9430538818152696,0.043783050957051456
2021-06-25,-2.1088891569905894,-1.9562934442003885,-1.998668137957684,-1.7592417865404477
2021-06-26,-2.1330911399776116,-2.212211910834798,-1.867919718013516,-0.4110414367681558
2021-06-27,-1.981265022942041,-2.0940740507059696,-1.9081443269856637,0.42586373949013634
2021-06-28,-2.0197295652562928,-2.157264426506486,-2.070048266683306,-0.517828053961869
2021-06-29,-2.0641131745718124,-2.1408715692612277,-1.8266316414149537,-0.741864169436616
2021-06-30,-1.9562934442003885,-2.131239433669108,-2.2296348495864966,0.45035925839052177
2021-07-01,-2.212211910834798,-2.0369926217470686,-2.2360805902552405,1.2112539832060343
2021-07-02,-2.0940740507059696,-2.0637520963706035,-2.3162000753907512,0.5496840581909123
2021-07-03,-2.157264426506486,-2.1315546745270484,-2.3546844341686097,-0.22560551419421476
2021-07-04,-2.1408715692612277,-2.0017700954619384,-2.1183056929476507,0.15124397937653417
2021-07-05,-2.131239433669108,-2.2381874771760564,-2.2300837612844626,1.1384850193226348
2021-07-06,-2.0369926217470686,-2.236154059005532,-2.0963288181112656,0.9776854834574091
2021-07-07,-2.0637520963706035,-2.370946601268444,-2.248723957036854,0.025211991493395102
2021-07-08,-2.1315546745270484,-2.4471039400940997,-2.4449290124123886,1.135075609954849
2021-07-09,-2.0017700954619384,-2.245978271947786,-2.379310805289025,0.5228995164241015
2021-07-10,-2.2381874771760564,-2.2504378145933717,-2.3228630889534,-0.043739441807150135
2021-07-11,-2.236154059005532,-2.2309308448782335,-2.2748100278878383,0.27567811914165746
2021-07-12,-2.370946601268444,-2.4090871304487926,-2.2043426554352825,1.3918025192838779
2021-07-13,-2.4471039400940997,-2.481991596328262,-2.119503741143645,0.9199916371462588
2021-07-14,-2.245978271947786,-2.462335856255384,-2.1064393967023065,-0.4513723277068824
2021-07-15,-2.2504378145933717,-2.426860086944062,-2.4336055070292306,-0.887056795486144
2021-07-16,-2.2309308448782335,-2.3651714315047343,-2.2845163839815554,-0.09705135388141217
2021-07-17,-2.4090871304487926,-2.364308641612977,-2.355393991193,1.0664420705846045
2021-07-18,-2.481991596328262,-2.311608220767511,-2.262531198518344,-0.12929050231080763
2021-07-19,-2.462335856255384,-2.2662300295039426,-2.3154917771965926,-0.30473930688000117
2021-07-20,-2.426860086944062,-2.4492040706043956,-2.387169985948457,-0.032452249667384886
2021-07-21,-2.3651714315047343,-2.4455034984133808,-2.432841974338367,0.4334550543405192
2021-07-22,-2.364308641612977,-2.36871325764011,-2.417272429381808,1.1729393613709576
2021-07-23,-2.311608220767511,-2.309725275566658,-2.3442381564807984,2.608326013459382
2021-07-24,-2.2662300295039426,-2.346111156563737,-2.4415436952903184,-0.038905947590989656
2021-07-25,-2.4492040706043956,-2.426673807317674,-2.6514135320630836,0.7108140587956736
2021-07-26,-2.4455034984133808,-2.5385049997498372,-2.660824195560836,0.4745778395937849
2021-07-27,-2.36871325764011,-2.5516104009039786,-2.560920053786315,1.9793170416459376
2021-07-28,-2.309725275566658,-2.4383024129480066,-2.6779742299939304,-0.6461956853598649
2021-07-29,-2.346111156563737,-2.633482823096167,-2.7462067175680427,0.2334770765761263
2021-07-30,-2.426673807317674,-2.699471996069117,-2.7399092855981695,1.5641197668538394
2021-07-31,-2.5385049997498372,-2.8134522416117944,-2.72884489583247,-0.30189221021684653
2021-08-01,-2.5516104009039786,-2.7349564894877445,-2.742806973214828,-1.1394727104680447
2021-08-02,-2.4383024129480066,-2.7903874521448744,-3.0750732647337347,0.22473600959693213
2021-08-03,-2.633482823096167,-2.8374512179603535,-3.024034923961916,-0.502332423386623
2021-08-04,-2.699471996069117,-2.8591461749540183,-2.9211552766256323,1.3756419277138774
2021-08-05,-2.8134522416117944,-2.8146068498645387,-3.063608430473066,-1.7986917423732476
2021-08-06,-2.7349564894877445,-2.853845749679502,-3.157273920608089,0.39273328658217543
2021-08-07,-2.7903874521448744,-3.158460055159495,-2.9851646297427163,-1.8734508185768748
2021-08-08,-2.8374512179603535,-3.104128866020743,-2.963265301369121,1.058476531605484
2021-08-09,-2.8591461749540183,-3.0602245702535384,-3.1081933135433673,-0.8850355978149773
2021-08-10,-2.8146068498645387,-3.0821786730866596,-3.110703419526648,-0.5361923037789675
2021-08-11,-2.853845749679502,-3.190582335153853,-3.093967554986536,0.20137106438480024
2021-08-12,-3.158460055159495,-3.1554043240857172,-3.133416320486193,-0.7009345964929437
2021-08-13,-3.104128866020743,-3.1174807707321586,-3.329205440033387,-1.0451887666021598
2021-08-14,-3.0602245702535384,-3.164484059002246,-3.366044782165538,0.06293387576931417
2021-08-15,-3.0821786730866596,-3.1861572060598,-3.495929272745505,2.181042575483253
2021-08-16,-3.190582335153853,-3.279172856312232,-3.394717782856948,-1.8703271713992975
2021-08-17,-3.1554043240857172,-3.2970317655209653,-3.4870402160006253,0.5920362955208799
2021-08-18,-3.1174807707321586,-3.4520747000293133,-3.5148753103355017,-1.3005002913261772
2021-08-19,-3.164484059002246,-3.41034281792613,-3.521082547797211,1.8468320283153203
2021-08-20,-3.1861572060598,-3.504779667008559,-3.8511351498739184,0.5755709425172189
2021-08-21,-3.279172856312232,-3.480969352225328,-3.7973441360512057,-1.1054272151161812
2021-08-22,-3.2970317655209653,-3.6215656438521178,-3.816271381411094,1.257097482151604
2021-08-23,-3.4520747000293133,-3.680571408439072,-4.02057947669562,-0.5563430637632022
2021-08-24,-3.41034281792613,-3.6916203489456647,-4.028055118625962,0.259036102042951
2021-08-25,-3.504779667008559,-3.857690330132591,-3.974645033273524,-2.649590944372481
2021-08-26,-3.480969352225328,-3.8461755428185818,-3.935215979259186,-0.26155271195691254
2021-08-27,-3.6215656438521178,-3.884090299106574,-3.8551881557142056,1.4425342708715199
2021-08-28,-3.680571408439072,-4.058325918887498,-3.9824855618911585,1.330267122850651
2021-08-29,-3.6916203489456647,-4.188650194298729,-3.808982573112502,-1.8463769529911835
2021-08-30,-3.857690330132591,-4.128138185890513,-3.9326579647328788,1.0794726220225312
2021-08-31,-3.8461755428185818,-4.03858258733538,-3.7947158737544084,1.204766580295773
2021-09-01,-3.884090299106574,-4.051773451313377,-3.838808214628536,-0.00863168593940701
2021-09-02,-4.058325918887498,-4.011297270109327,-3.8884920430341596,0.018471924999553458
2021-09-03,-4.188650194298729,-3.988912913778036,-3.835437857916537,0.4662685698105248
2021-09-04,-4.128138185890513,-3.955950615565262,-3.8869860631309128,-0.23272855783442753
2021-09-05,-4.03858258733538,-3.8273522148572328,-3.8555629503627475,-0.582217594322729
2021-09-06,-4.051773451313377,-3.9780520546786597,-3.858637407375306,0.5874427842748892
2021-09-07,-4.011297270109327,-3.9104059814424974,-4.0074177713815695,1.5757644940230409
2021-09-08,-3.988912913778036,-3.9486068770002793,-3.973120179105383,0.44911989892080956
2021-09-09,-3.955950615565262,-3.9710327704254436,-3.969374761404489,-0.8681301827743699
2021-09-10,-3.8273522148572328,-4.00125774347095,-3.9195380535067703,-1.944345052928343
2021-09-11,-3.9780520546786597,-4.038772455137079,-3.878629040091854,-1.074331163152504
2021-09-12,-3.9104059814424974,-4.161392074315381,-3.9672548982188305,2.4626748924779363
2021-09-13,-3.9486068770002793,-4.143058154389621,-4.01594202519066,-1.9006214387752698
2021-09-14,-3.9710327704254436,-3.9759638511107354,-3.95400155359119,-0.7649296735060562
2021-09-15,-4.00125774347095,-3.981577153155611,-3.8635144231753085,1.3432474672946535
2021-09-16,-4.038772455137079,-3.9817156574291204,-4.039144845384559,0.5313638404522008
2021-09-17,-4.161392074315381,-4.0504455611447865,-3.9868737453065477,1.21364953761593
2021-09-18,-4.143058154389621,-4.0621930157865975,-4.1487130895744055,0.8403908783631506
2021-09-19,-3.9759638511107354,-4.015576373183195,-3.955189856161147,0.2682064216225844
2021-09-20,-3.981577153155611,-4.0526006172536295,-4.011205061210265,0.04899776081014477
2021-09-21,-3.9817156574291204,-4.097981021358829,-3.865349492619886,-1.1282834361320082
2021-09-22,-4.0504455611447865,-4.057654567342505,-3.864163645031921,-0.0016705529738880419
2021-09-23,-4.0621930157865975,-4.14945504432441,-3.601532413100686,0.8891854633755508
2021-09-24,-4.015576373183195,-4.124205381616722,-3.6337255535722397,1.6227916279738914
2021-09-25,-4.0526006172536295,-4.04217320189058,-3.6151318276850217,1.142647360493425
2021-09-26,-4.097981021358829,-3.9061783477226313,-3.734821082953344,2.253253405538189
2021-09-27,-4.057654567342505,-3.915216548450326,-3.7415232010460877,0.5353265917726454
2021-09-28,-4.14945504432441,-3.7784568244696546,-3.800921502823819,-1.4687351003021758
2021-09-29,-4.124205381616722,-3.675015835821503,-3.787806671832316,-1.3604291031792173
2021-09-30,-4.04217320189058,-3.7746370998586096,-3.7427485636495166,0.5719807579382815
2021-10-01,-3.9061783477226313,-3.896430951017925,-3.6969037532046567,-3.0543304771383526
2021-10-02,-3.915216548450326,-3.926927314803367,-3.6501475458857797,-1.8345755224574625
2021-10-03,-3.7784568244696546,-3.8240337655438816,-3.9061245668172715,1.3797538011523331
2021-10-04,-3.675015835821503,-3.831262466299882,-3.8732174829792654,-0.21313326062160332
2021-10-05,-3.7746370998586096,-3.8913282220656606,-3.7594420878275474,1.6081122360283033
2021-10-06,-3.896430951017925,-3.7361039040608044,-3.8112552808834863,-0.17618730600589785
2021-10-07,-3.926927314803367,-3.7074134552604696,-3.723881159590155,0.12073765235568557
2021-10-08,-3.8240337655438816,-3.939472882839544,-3.7096294622554016,-1.2596694010627367
2021-10-09,-3.831262466299882,-3.9077568202102753,-3.921878207834855,-0.42254358840895606
2021-10-10,-3.8913282220656606,-3.8557527587531886,-3.886191598166805,0.4249315610538242
2021-10-11,-3.7361039040608044,-3.8331918933060782,-4.039595323800222,2.3110558135036614
2021-10-12,-3.7074134552604696,-3.788220683282879,-4.052978195867527,-0.7431915499894021
2021-10-13,-3.939472882839544,-3.794948244175177,-4.112853099295571,0.5744829704764034
2021-10-14,-3.9077568202102753,-3.9267878311396505,-4.069067395306668,-0.7052799691546228
2021-10-15,-3.8557527587531886,-3.9638582314616957,-4.206872510094283,-2.0564803440463146
2021-10-16,-3.8331918933060782,-4.058419811017325,-4.14753319793493,-0.39878632721454
2021-10-17,-3.788220683282879,-4.1516939020967625,-4.165795265848625,-0.17352816903714552
2021-10-18,-3.794948244175177,-4.27800073700699,-4.287460344158091,-0.9865202782389748
2021-10-19,-3.9267878311396505,-4.232751827743026,-4.074750077643849,-0.6894157447850339
2021-10-20,-3.9638582314616957,-4.222962213201763,-4.249404082193642,0.2716842364626383
2021-10-21,-4.058419811017325,-4.267778749469834,-4.228644469110483,0.8731426764194878
2021-10-22,-4.1516939020967625,-4.332712542242873,-4.422980290497249,-0.5034103255984097
2021-10-23,-4.27800073700699,-4.335054852745018,-4.631087081393819,-1.1624976483842726
2021-10-24,-4.232751827743026,-4.227135379933769,-4.7891245676303225,0.5787448203298573
2021-10-25,-4.222962213201763,-4.427556951483661,-4.864652270838896,-0.8523874668568816
2021-10-26,-4.267778749469834,-4.389869299398572,-4.7735601853257235,-0.5664317931121737
2021-10-27,-4.332712542242873,-4.44444049680035,-4.780635855002443,-0.10764350356534423
2021-10-28,-4.335054852745018,-4.632899081298295,-4.810707241186391,-1.056270327140251
2021-10-29,-4.227135379933769,-4.827469389614691,-4.779071556073039,0.7568463336265421
2021-10-30,-4.427556951483661,-4.918747739028221,-4.67650311359483,-0.1164254320087104
2021-10-31,-4.389869299398572,-4.896796783448916,-4.605241571332887,-1.1676657019838859
2021-11-01,-4.44444049680035,-4.857490490050907,-4.550054961533077,-0.16920715217130725
2021-11-02,-4.632899081298295,-4.951388647318685,-4.422771419510855,0.9411030922958826
2021-11-03,-4.827469389614691,-4.849686548177361,-4.497435771980061,2.3470473116404307
2021-11-04,-4.918747739028221,-4.7073881985257495,-4.294503900253154,0.43390963737187965
2021-11-05,-4.896796783448916,-4.667779540030094,-4.463174197847222,-1.270056111713798
2021-11-06,-4.857490490050907,-4.726919806810905,-4.623873086996385,-1.193867640847455
2021-11-07,-4.951388647318685,-4.614477888359868,-4.556511170975048,-0.7290575204949832
2021-11-08,-4.849686548177361,-4.538938318793535,-4.617516150140482,-1.8675844961541948
2021-11-09,-4.7073881985257495,-4.452197577658043,-4.7374426881226785,0.09322750572868743
2021-11-10,-4.667779540030094,-4.517843945155196,-4.321431741148565,0.3978366357261318
2021-11-11,-4.726919806810905,-4.801299395682666,-4.343026061387794,-0.29111507857571317
2021-11-12,-4.614477888359868,-4.589620293534299,-4.219864935079062,-0.4841094085432366
2021-11-13,-4.538938318793535,-4.750708133879293,-4.4251338720256435,-0.7595303687189785
2021-11-14,-4.452197577658043,-4.754284941065315,-4.6208741625858485,-1.4730222016891812
2021-11-15,-4.517843945155196,-4.5162104059433394,-4.645128236290703,-0.7409411664306195
2021-11-16,-4.801299395682666,-4.4831527303159024,-4.554681438786237,0.6586985853174184
2021-11-17,-4.589620293534299,-4.388228082960079,-4.601177814861827,-0.7027742333427175
2021-11-18,-4.750708133879293,-4.53846773989825,-4.62262826770648,-0.7454461132399481
2021-11-19,-4.754284941065315,-4.716234435371621,-4.719081398015657,-0.32893807015988774
2021-11-20,-4.5162104059433394,-4.769504714569576,-4.612293657524752,-1.057778050223124
2021-11-21,-4.4831527303159024,-4.660429741126126,-4.70465355693318,0.11550514440222191
2021-11-22,-4.388228082960079,-4.695054685890858,-4.847926803266467,0.8472745471649014
2021-11-23,-4.53846773989825,-4.774518317998008,-4.976118408343788,-0.31616434994485465
2021-11-24,-4.716234435371621,-4.754721589003511,-4.712585375971436,1.4143645250002859
2021-11-25,-4.769504714569576,-4.646528067155784,-4.70367676052144,-1.3965375939945368
2021-11-26,-4.660429741126126,-4.791022087063121,-4.5359976808426685,-1.1329022162060434
2021-11-27,-4.695054685890858,-4.912076386475456,-4.3552725007672795,0.04573678863780141
2021-11-28,-4.774518317998008,-4.990943311926393,-4.5401269125976,0.938533858208355
2021-11-29,-4.754721589003511,-4.881479474455183,-4.274805281892669,0.3929581809684051
2021-11-30,-4.646528067155784,-4.85799732186031,-4.353715362503237,0.21704719464214803
2021-12-01,-4.791022087063121,-4.644781980803265,-4.403761792087086,-0.3480450185379143
2021-12-02,-4.912076386475456,-4.5511374082201534,-4.365628214610678,0.7759023032834733
2021-12-03,-4.990943311926393,-4.554646925907121,-4.321309178745026,0.4025122456708773
2021-12-04,-4.881479474455183,-4.428139142098244,-4.479308446713473,-0.3121864570126143
2021-12-05,-4.85799732186031,-4.406989440825057,-4.207374857974932,-0.6360998345082586
2021-12-06,-4.644781980803265,-4.477481576075801,-4.253190816497761,0.6614623546155728
2021-12-07,-4.5511374082201534,-4.409484091651291,-4.454015835824068,0.43251819531179314
2021-12-08,-4.554646925907121,-4.479116757037399,-4.350057907701409,-2.202150850281667
2021-12-09,-4.428139142098244,-4.508156467117786,-4.284524052229976,-1.5658804559298551
2021-12-10,-4.406989440825057,-4.375378197521988,-4.2843327988885775,-0.3996793935829979
2021-12-11,-4.477481576075801,-4.385506346143727,-4.354271886207583,0.6286920467661492
2021-12-12,-4.409484091651291,-4.465820484877891,-4.442821435966718,-0.10431149736675162
2021-12-13,-4.479116757037399,-4.51225425402144,-4.369343635894802,0.3656761227611384
2021-12-14,-4.508156467117786,-4.410075195462572,-4.519592000395958,-0.8075227577770325
2021-12-15,-4.375378197521988,-4.465329262804246,-4.625995640584544,-0.47078920242711186
2021-12-16,-4.385506346143727,-4.50401634748931,-4.765380383177279,1.2087609059773232
2021-12-17,-4.465820484877891,-4.555045621452673,-4.723741773070502,-1.0255022044124946
2021-12-18,-4.51225425402144,-4.536653072018642,-4.7478114526746875,-0.728066617367803
2021-12-19,-4.410075195462572,-4.575202048056203,-4.708635660698092,-0.30356272939305506
2021-12-20,-4.465329262804246,-4.735385652953457,-4.587886402291443,1.037772449339354
2021-12-21,-4.50401634748931,-4.82410374713796,-4.603091323024682,-2.159415401446718
2021-12-22,-4.555045621452673,-4.917382651288604,-4.779499769772024,0.1490655806790858
2021-12-23,-4.536653072018642,-4.793050712843089,-4.724074456776994,-0.17656309351863334
2021-12-24,-4.575202048056203,-4.711783308632184,-4.7662555720486965,-1.5905230523429075
2021-12-25,-4.735385652953457,-4.653057370692202,-4.550445648996908,-0.01578973716899271
2021-12-26,-4.82410374713796,-4.703593202418642,-4.7913305881217205,1.3291851635712542
2021-12-27,-4.917382651288604,-4.785172356618039,-4.6683310490683505,0.4204287912879756
2021-12-28,-4.793050712843089,-4.835924116783775,-4.796322762240832,1.2103344954761357
2021-12-29,-4.711783308632184,-4.941112127038942,-4.833559684218077,-1.0355171861668717
2021-12-30,-4.653057370692202,-4.691392087880241,-4.975664802930926,0.4947498624579409
2021-12-31,-4.703593202418642,-4.915924252717382,-5.117423156756819,-0.0769132009104654
2022-01-01,-4.785172356618039,-4.85952339921,-5.326332476100562,-0.6550231506208777
2022-01-02,-4.835924116783775,-4.987978629009254,-5.032244702130342,1.2354552327293293
2022-01-03,-4.941112127038942,-4.998412978158723,-4.968978310535239,-0.2817752533772282
2022-01-04,-4.691392087880241,-5.097213172408097,-5.079745935049613,-0.2251453598547964
2022-01-05,-4.915924252717382,-5.21497606865636,-5.119666519869261,-0.9216323907807716
2022-01-06,-4.85952339921,-5.328995698749856,-5.1563431121806165,-1.0698500100052624
2022-01-07,-4.987978629009254,-5.15349708337565,-4.957937418361905,-0.15702437990622933
2022-01-08,-4.998412978158723,-5.16679592560661,-5.148387242722771,-1.2431673288640803
2022-01-09,-5.097213172408097,-5.243366145054418,-5.073405058007054,0.4092880635008517
2022-01-10,-5.21497606865636,-5.187787448646131,-5.014576460304813,0.7430821890275943
2022-01-11,-5.328995698749856,-5.186752517189501,-5.244572236749656,-0.4408848879348272
2022-01-12,-5.15349708337565,-5.114749141255336,-5.2906283839688575,0.5623647659965236
2022-01-13,-5.16679592560661,-5.297174806849119,-5.044566944402198,0.3735250438278507
2022-01-14,-5.243366145054418,-5.266814416402919,-5.080013835609997,0.2056765492055773
2022-01-15,-5.187787448646131,-5.189544932692681,-4.958130556307012,0.9701285767858312
2022-01-16,-5.186752517189501,-5.355704761804137,-4.933214892752958,-1.1122503680299518
2022-01-17,-5.114749141255336,-5.310885233361806,-4.891941179036827,-1.5834512548594006
2022-01-18,-5.297174806849119,-5.14126707607899,-4.891463701176733,-0.7498766763770027
2022-01-19,-5.266814416402919,-5.142752846414461,-5.153935543626046,-0.07064605357345269
2022-01-20,-5.189544932692681,-5.06061225271198,-5.142242609494911,0.21918314519111926
2022-01-21,-5.355704761804137,-4.993555207680889,-5.149553909745276,-0.24695961424049798
2022-01-22,-5.310885233361806,-5.064305777431946,-4.981461480493594,-0.8692631217328298
2022-01-23,-5.14126707607899,-5.060329103973297,-5.1233466390892515,1.5948761632792858
2022-01-24,-5.142752846414461,-5.217028575059457,-4.9492747660032075,-0.33086068532062524
2022-01-25,-5.06061225271198,-5.26215887876971,-5.005036002088293,-0.044298188536736345
2022-01-26,-4.993555207680889,-5.235590081273086,-5.174225691198606,0.7654378084191444
2022-01-27,-5.064305777431946,-5.163280031899307,-5.166959570975075,-0.9668491009545023
2022-01-28,-5.060329103973297,-5.160818819374516,-4.883649064257506,1.1104769101318568
2022-01-29,-5.217028575059457,-5.0888204463602,-4.887979612706977,-0.19172477750219316
2022-01-30,-5.26215887876971,-5.199111067655736,-4.995602250452592,-0.6134169207454283
2022-01-31,-5.235590081273086,-5.209280795111224,-4.969639645997598,-1.0742874279753896
2022-02-01,-5.163280031899307,-5.207352856659916,-5.140951801751651,0.9433837624088559
2022-02-02,-5.160818819374516,-5.022393731991952,-5.068890052894031,0.34341895430605435
2022-02-03,-5.0888204463602,-5.04381039761196,-5.178304044087139,0.4268405209377433
2022-02-04,-5.199111067655736,-5.093712061411378,-5.315566790011108,-0.5788557618605281
2022-02-05,-5.209280795111224,-5.091576939027023,-5.328753889173436,-1.0469487099939596
2022-02-06,-5.207352856659916,-5.183488283514017,-5.328539067552162,-0.5374510647640315
2022-02-07,-5.022393731991952,-5.164212898607496,-5.394681197330706,0.6827803206049449
2022-02-08,-5.04381039761196,-5.200718420262122,-5.551166352811329,-1.2009270096571871
2022-02-09,-5.093712061411378,-5.379851175066241,-5.358206639708506,-1.288661049957137
2022-02-10,-5.091576939027023,-5.385709830179627,-5.263234470383949,0.13691520888267283
2022-02-11,-5.183488283514017,-5.417464139572647,-5.1358497777179615,-0.74383547043899
2022-02-12,-5.164212898607496,-5.580706469779445,-5.432681229183912,1.6512386619650856
2022-02-13,-5.200718420262122,-5.587419885240897,-5.228045707200221,-1.2784907980626705
2022-02-14,-5.379851175066241,-5.4384842890334495,-5.3805653147340236,0.421015278666394
2022-02-15,-5.385709830179627,-5.386353914205878,-5.2477232691953395,-0.2400574445513693
2022-02-16,-5.417464139572647,-5.325161194932762,-5.210690713010414,0.20354835302342777
2022-02-17,-5.580706469779445,-5.459310867491066,-5.395666213231452,-1.0070994830051991
2022-02-18,-5.587419885240897,-5.411621030598844,-5.372234906539519,0.7686581459207175
2022-02-19,-5.4384842890334495,-5.396776072460836,-5.426680872535525,1.5092428500720578
2022-02-20,-5.386353914205878,-5.343871548627392,-5.34948004305156,-0.572611285378707
2022-02-21,-5.325161194932762,-5.30160868645651,-5.421249599249158,1.8011616611359837
2022-02-22,-5.459310867491066,-5.437586759006892,-5.3772302558823375,0.5964049894469269
2022-02-23,-5.411621030598844,-5.441726840162688,-5.3928926723953206,-0.1741636293301928
2022-02-24,-5.396776072460836,-5.517513926205204,-5.535172528965402,-0.28777187075639943
2022-02-25,-5.343871548627392,-5.5225223356336866,-5.579530737048867,-0.10547416879322362
2022-02-26,-5.30160868645651,-5.61226242832387,-5.718219270864108,1.322685978693839
2022-02-27,-5.437586759006892,-5.481015391609771,-5.716897488273535,-0.4517365104954811
2022-02-28,-5.441726840162688,-5.566912630454205,-5.777956045799115,0.32742667759231026
2022-03-01,-5.517513926205204,-5.656806846100758,-5.732515018343012,0.10518298382947071
2022-03-02,-5.5225223356336866,-5.649348205446403,-5.633655080137636,-0.44662275190063305
2022-03-03,-5.61226242832387,-5.757058112386802,-5.548533380362058,-2.2531061214625026
2022-03-04,-5.481015391609771,-5.799524442630088,-5.662691651440315,-0.979224674469508
2022-03-05,-5.566912630454205,-5.8825209023838845,-5.446134933701977,-0.18259015902508566
2022-03-06,-5.656806846100758,-5.741403695994923,-5.507691350931109,0.8284059835753135
2022-03-07,-5.649348205446403,-5.662823313311806,-5.502307718967012,-0.8623666648973995
2022-03-08,-5.757058112386802,-5.668570265158346,-5.509187666441024,-1.1240942774200229
2022-03-09,-5.799524442630088,-5.707691970375747,-5.507292182822875,0.39956261684302896
2022-03-10,-5.8825209023838845,-5.613600208918236,-5.68235932293681,0.4252610899971984
2022-03-11,-5.741403695994923,-5.573079800885948,-5.731030424273681,-1.6009147466400486
2022-03-12,-5.662823313311806,-5.523274560417662,-5.5221736381735544,-0.8769134675944429
2022-03-13,-5.668570265158346,-5.525893784152087,-5.542664980405218,-0.4607458124515193
2022-03-14,-5.707691970375747,-5.694716786929231,-5.52612742878592,-0.2607124331128049
2022-03-15,-5.613600208918236,-5.705963385185186,-5.44913405010312,-2.951089307295081
2022-03-16,-5.573079800885948,-5.759212377106093,-5.317455159714489,0.803096839516764
2022-03-17,-5.523274560417662,-5.694706849760105,-5.314164851108013,-0.45380626444277633
2022-03-18,-5.525893784152087,-5.593522606460686,-5.1956938059381015,1.0140089041124742
2022-03-19,-5.694716786929231,-5.659317710936803,-5.400178668526602,0.49568738275599145
2022-03-20,-5.705963385185186,-5.6124791875090985,-5.308750989637363,1.1961727710316976
2022-03-21,-5.759212377106093,-5.438891287740527,-5.277910250912886,0.7387622674286709
2022-03-22,-5.694706849760105,-5.5056625597975835,-5.2600062180690275,-1.451382451108317
2022-03-23,-5.593522606460686,-5.33747038579027,-5.498901203277693,-0.034810136650442344
2022-03-24,-5.659317710936803,-5.422728970507334,-5.419507997656669,0.28821078764016345
2022-03-25,-5.6124791875090985,-5.420432994946539,-5.464919645143004,1.3173930176001059
2022-03-26,-5.438891287740527,-5.421547556130723,-5.447992787619377,0.3092446302503028
2022-03-27,-5.5056625597975835,-5.4203976661437165,-5.461886209224298,-0.3656387899713194
2022-03-28,-5.33747038579027,-5.504165470334511,-5.250157412563832,-0.1157966862621568
2022-03-29,-5.422728970507334,-5.563283780710954,-5.094778987892516,0.3451902338795299
2022-03-30,-5.420432994946539,-5.630055809346894,-5.114718289001007,-0.4728349609795043
2022-03-31,-5.421547556130723,-5.597359549806448,-5.038577209060213,-0.2334500994202313
2022-04-01,-5.4203976661437165,-5.564356038355418,0.29981227672499144,0.2989884738721063
2022-04-02,-5.504165470334511,-5.341761605181592,0.3939878166901827,0.10715706669017948
2022-04-03,-5.563283780710954,-5.204662704552479,0.4545461233332082,-0.04584183438082543
2022-04-04,-5.630055809346894,-5.255647028766328,0.552051349251978,-1.1244169991904027
2022-04-05,-5.597359549806448,-5.2231600671867096,0.8253055107795296,0.8487608243171353
2022-04-06,-5.564356038355418,0.1764052345967664,0.6847093544546126,0.379730533803005
2022-04-07,-5.341761605181592,0.21642095543348874,0.7794559121706375,0.820989835096805
2022-04-08,-5.204662704552479,0.3142947538440627,0.7784707159575501,-0.3548837088750959
2022-04-09,-5.255647028766328,0.5383840737642085,0.7599098749350925,-0.30865678628465626
2022-04-10,-5.2231600671867096,0.7251398727792052,0.8537451667522548,-0.45107413879197716
